{"threads":
  [
    {"thread-id": "thread-1",
         "name": "CSV 2 JSON Converter",
         "starting-task": ["csv_reader"],
         "description": "Converts CSV files into JSON strings",
         "tasks": 
           [
              {"task-id": "csv_reader",
               "name": "Csv File Reader",
               "classname": "tasks.csv_demo.CsvReader",
               "node-type": "ec2",
               "configuration": { "filename": "${CCDP_HOME}/data/csv_test_file.csv",
                                  "sleep-time": 5 },
               "input-ports": [],
               "output-ports": [ 
                                {"port-id": "csv_output-1",
                                 "to-port": "json_translator_input-1" 
                                }
                               ]
             },
          {"task-id": "json_translator",
           "name": "JSON Translator",
           "classname": "tasks.csv_demo.JsonTranslator",
           "node-type": "ec2",
           "configuration": { "output-file": "${CCDP_HOME}/data/json_test_out.json",
                              "sleep-time": 5 },
           "input-ports": [
                            {"port-id": "json_translator_input-1",
                             "from-port": "csv_output-1" 
                           }
                          ],
           "output-ports": [ 
                            {"port-id": "json_translator_output-1",
                             "to-port": "json_reader_input-1" 
                            }
                           ]
          },
          {"task-id": "json_reader",
           "name": "JSON File Reader",
           "classname": "tasks.csv_demo.JsonReader",
           "node-type": "ec2",
           "configuration": {"input-file": "${CCDP_HOME}/data/json_test_out.json",
                             "sleep-time": 5 },
           "input-ports": [
                           {"port-id": "json_reader_input-1",
                            "from-port": "json_translator_output-1"
                           }
                          ],
           "output-ports": []
          }        
           ]
        }
    ]
  }
