{"tasks":
  [
    {
      "task-id": "task-123",
      "cpu": "10",
      "mem": "128",
      "command": ["python", "/opt/modules/CsvReader.python", "${CCDP_HOME}/data/csv_test_file.csv"]
    },
    {
      "cpu": "100",
      "mem": "128",
      "command": ["python", "/opt/modules/tasks/csv_demo/JsonTranslator.py", "-i", "${CCDP_HOME}/data/input_text.txt", "-o", "${CCDP_HOME}/data/out_text.json"]
    },
    {
      "command": ["python", "/opt/modules/tasks/csv_demo/JsonReader.py", "-i", "${CCDP_HOME}/data/out_text.json"]
    }
  ]
}
