{"threads":
  [
    {"thread-id": "thread-1",
     "name": "CSV 2 JSON Converter",
     "description": "Converts CSV files into JSON strings",
     "tasks": 
        [
          {"task-id": "thread-1-task-1",
           "node-type": "ec2",
           "configuration": { "cycles": 10000 },
           "input-ports": None,
           "output-ports": [ 
                  {"port-id": "thread-1-task-1-out-port-1",
                   "to-port": [ "thread-1-task-2-in-port-1" ],
                  
                  }
          },
          {"task-id": "thread-1-task-2",
           "node-type": "ec2",
           "configuration": { "cycles": 10000 },
           "input-ports": [
                   {"port-id": "thread-1-task-2-in-port-1",
                    "from-port": [ "thread-1-task-1-out-port-1" ]
                  }
                          ],
           "output-ports": [ 
                  {"port-id": "thread-1-task-2-out-port-1",
                   "to-port": [ "thread-1-task-3-in-port-1" ],
                  
                  }
          },
        
        ]
    
    },
    {"task-id": "def12345",
     "name": "Secondary Thread",
     "tasks": 
        [
        
        
        ]
    
    }
  ]
