<?xml version="1.0" encoding="utf-8"?>
<section id="Flashcards">
	<question id="1">
		<qtext><![CDATA[What is the term used when a hole is found in a web browser or other software and attackers begin exploiting it the very day it is discovered by the developer (bypassing the 1&#8211;2 day response time many software providers need to put out a patch once the hole has been found)?]]></qtext>
				<answer><![CDATA[Zero-day exploit]]></answer>
	</question>
	<question id="2">
		<qtext><![CDATA[When the user enters values that query XML (known as XPath) with values that take advantage of exploits, what is it known as?]]></qtext>
				<answer><![CDATA[XML injection attack]]></answer>
	</question>
	<question id="3">
		<qtext><![CDATA[What is the technology of blocking websites (or sections of websites) based solely on the URL?]]></qtext>
				<answer><![CDATA[URL filtering]]></answer>
	</question>
	<question id="4">
		<qtext><![CDATA[What is it known as when you combine phishing with Voice over IP (VoIP)?]]></qtext>
				<answer><![CDATA[Vishing]]></answer>
	</question>
	<question id="5">
		<qtext><![CDATA[What is the term used for someone being so close to you when you enter a building that they are able to come in right behind you without needing to use a key, a card, or any other security device?]]></qtext>
				<answer><![CDATA[Tailgating]]></answer>
	</question>
	<question id="6">
		<qtext><![CDATA[Phishing or spear phishing, but for big users instead of lower-access individuals, is known as what?]]></qtext>
				<answer><![CDATA[Whaling]]></answer>
	</question>
	<question id="7">
		<qtext><![CDATA[What type of malware are software programs that have the ability to hide certain things from the operating system?]]></qtext>
				<answer><![CDATA[Rootkits]]></answer>
	</question>
	<question id="8">
		<qtext><![CDATA[What type of social engineering attack involves going through the trash looking for notes on paper?]]></qtext>
				<answer><![CDATA[Dumpster diving]]></answer>
	</question>
	<question id="9">
		<qtext><![CDATA[What type of attack is a form of redirection in which traffic intended for one host is sent to another?]]></qtext>
				<answer><![CDATA[Pharming]]></answer>
	</question>
	<question id="10">
		<qtext><![CDATA[What type of virus attacks your system in multiple ways&#8212;such as attempting to infect your boot sector, infect all of your executable files, and destroy your application files&#8212;in the hope that you won't be able to correct all of the problems and will allow the infestation to continue?]]></qtext>
				<answer><![CDATA[Multipartite virus]]></answer>
	</question>
	<question id="11">
		<qtext><![CDATA[What type of attack is the ping of death?]]></qtext>
				<answer><![CDATA[Denial of service&#8212;either DoS, or DDoS, depending on the number of computers involved]]></answer>
	</question>
	<question id="12">
		<qtext><![CDATA[What is software running on zombie computers often known as?]]></qtext>
				<answer><![CDATA[Botnet]]></answer>
	</question>
	<question id="13">
		<qtext><![CDATA[What type of attack exploits the troubleshooting and developer hooks (that often circumvented normal authentication) that were left in a system by those who created it?]]></qtext>
				<answer><![CDATA[Backdoor attack]]></answer>
	</question>
	<question id="14">
		<qtext><![CDATA[What type of virus will change form in order to avoid detection?]]></qtext>
				<answer><![CDATA[Polymorphic]]></answer>
	</question>
	<question id="15">
		<qtext><![CDATA[What two protocols does HTTP/S use for connection security, and what TCP port does it operate on by default?]]></qtext>
				<answer><![CDATA[HTTP/S uses SSL (Secure Sockets Layer) or TLS (Transport Layer Security) and port 443.]]></answer>
	</question>
	<question id="16">
		<qtext><![CDATA[What type of attack uses IP spoofing and broadcasting to send a ping to a group of hosts in a network?]]></qtext>
				<answer><![CDATA[Smurf attack]]></answer>
	</question>
	<question id="17">
		<qtext><![CDATA[What do you call a computer that has been designated as a target for computer attacks?]]></qtext>
				<answer><![CDATA[Honeypot]]></answer>
	</question>
	<question id="18">
		<qtext><![CDATA[What component of an IDS collects data from the data source and passes it to the analyzer for analysis?]]></qtext>
				<answer><![CDATA[Sensor]]></answer>
	</question>
	<question id="19">
		<qtext><![CDATA[What hardware device is used to create remote access VPNs?]]></qtext>
				<answer><![CDATA[VPN concentrator]]></answer>
	</question>
	<question id="20">
		<qtext><![CDATA[What is a VLAN?]]></qtext>
				<answer><![CDATA[A virtual local area network (VLAN) allows you to create groups of users and systems and segment them on the network.]]></answer>
	</question>
	<question id="21">
		<qtext><![CDATA[What allows a transport protocol to be sent across the network and used by the equivalent service or protocol at the receiving host?]]></qtext>
				<answer><![CDATA[Encapsulation]]></answer>
	</question>
	<question id="22">
		<qtext><![CDATA[What are the four most common security zones you will likely encounter?]]></qtext>
				<answer><![CDATA[Internet, intranet, extranet, and DMZ (demilitarized zone)]]></answer>
	</question>
	<question id="23">
		<qtext><![CDATA[What technology allows you to take any single physical device and hide its characteristics from users&#8212;in essence allowing you to run multiple items on one device and make them appear as if they are standalone entities?]]></qtext>
				<answer><![CDATA[Virtualization]]></answer>
	</question>
	<question id="24">
		<qtext><![CDATA[What is ARO?]]></qtext>
				<answer><![CDATA[Annualized rate of occurrence is the likelihood, often drawn from historical data, of an event occurring within a year.]]></answer>
	</question>
	<question id="25">
		<qtext><![CDATA[What are five risk strategies?]]></qtext>
				<answer><![CDATA[Risk avoidance, risk transference, risk mitigation, risk deterrence, and risk acceptance]]></answer>
	</question>
	<question id="26">
		<qtext><![CDATA[What are events that aren't really incidents but trigger the same alarms known as?]]></qtext>
				<answer><![CDATA[False positives]]></answer>
	</question>
	<question id="27">
		<qtext><![CDATA[What does SLE x ARO equal?]]></qtext>
				<answer><![CDATA[ALE. The single loss expectancy, when multiplied by the annual rate of occurrence, equals the annual loss expectancy.]]></answer>
	</question>
	<question id="28">
		<qtext><![CDATA[What type of planning outlines those internal to the organization who have the ability to step into positions when they open?]]></qtext>
				<answer><![CDATA[Succession planning]]></answer>
	</question>
	<question id="29">
		<qtext><![CDATA[What is an agreement between you (or your company) and a service provider (typically a technical support provider) known as?]]></qtext>
				<answer><![CDATA[Service-level agreement (SLA)]]></answer>
	</question>
	<question id="30">
		<qtext><![CDATA[What is the name for the area of that application that is available to users&#8212;those who are authenticated and more importantly those who are not?]]></qtext>
				<answer><![CDATA[Attack surface]]></answer>
	</question>
	<question id="31">
		<qtext><![CDATA[What is the measurement of how long it takes to repair a system or component once a failure occurs?]]></qtext>
				<answer><![CDATA[MTTR (mean time to repair/restore)]]></answer>
	</question>
	<question id="32">
		<qtext><![CDATA[What is bluejacking?]]></qtext>
				<answer><![CDATA[Bluejacking is the sending of unsolicited messages over a Bluetooth connection.]]></answer>
	</question>
	<question id="33">
		<qtext><![CDATA[What type of testing involves trying to get access to your system from an attacker's perspective?]]></qtext>
				<answer><![CDATA[Penetration testing]]></answer>
	</question>
	<question id="34">
		<qtext><![CDATA[Nessus is one of the better-known examples of what type of security tool?]]></qtext>
				<answer><![CDATA[Vulnerability scanner]]></answer>
	</question>
	<question id="35">
		<qtext><![CDATA[What is the gaining of unauthorized access through a Bluetooth connection known as?]]></qtext>
				<answer><![CDATA[Bluesnarfing]]></answer>
	</question>
	<question id="36">
		<qtext><![CDATA[What type of filtering is based on the physical ID of each workstation?]]></qtext>
				<answer><![CDATA[MAC filtering]]></answer>
	</question>
	<question id="37">
		<qtext><![CDATA[What are the three types of cloud computing implementation?]]></qtext>
				<answer><![CDATA[Platform as a Service, Software as a Service, and Infrastructure as a Service]]></answer>
	</question>
	<question id="38">
		<qtext><![CDATA[If the interconnection between the WAP server and the Internet isn't encrypted, packets between the devices may be intercepted. What is this vulnerability known as?]]></qtext>
				<answer><![CDATA[A gap in the WAP]]></answer>
	</question>
	<question id="39">
		<qtext><![CDATA[IPv4, while widely used, has limitations. What is replacing it?]]></qtext>
				<answer><![CDATA[IPv6]]></answer>
	</question>
	<question id="40">
		<qtext><![CDATA[What feature is built into many firewalls to tweak the tolerance for unanswered login attacks and reduce the likelihood of a successful DoS/DDoS attack?]]></qtext>
				<answer><![CDATA[Flood guard]]></answer>
	</question>
	<question id="41">
		<qtext><![CDATA[What type of IDS system uses algorithms to analyze the traffic passing through the network?]]></qtext>
				<answer><![CDATA[A heuristic system]]></answer>
	</question>
	<question id="42">
		<qtext><![CDATA[What is multifactor authentication?]]></qtext>
				<answer><![CDATA[An authentication method that uses two or more access methods]]></answer>
	</question>
	<question id="43">
		<qtext><![CDATA[Retinal scans and thumbprint readers are examples of what type of authentication?]]></qtext>
				<answer><![CDATA[Biometric authentication]]></answer>
	</question>
	<question id="44">
		<qtext><![CDATA[What is the port number for Simple Mail Transport Protocol (SMTP)?]]></qtext>
				<answer><![CDATA[25]]></answer>
	</question>
	<question id="45">
		<qtext><![CDATA[What is the port number for Trivial File Transfer Protocol (TFTP)?]]></qtext>
				<answer><![CDATA[69]]></answer>
	</question>
	<question id="46">
		<qtext><![CDATA[What is the port number for Post Office Protocol 3 (POP3)?]]></qtext>
				<answer><![CDATA[110]]></answer>
	</question>
	<question id="47">
		<qtext><![CDATA[What are the port numbers for FTP?]]></qtext>
				<answer><![CDATA[20 and 21]]></answer>
	</question>
	<question id="48">
		<qtext><![CDATA[What two general security terms describe a TCP sequence number attack?]]></qtext>
				<answer><![CDATA[Man-in-the-middle attack and TCP/IP hijacking]]></answer>
	</question>
	<question id="49">
		<qtext><![CDATA[What port does PPTP use?]]></qtext>
				<answer><![CDATA[TCP 1723]]></answer>
	</question>
	<question id="50">
		<qtext><![CDATA[What port does L2TP use?]]></qtext>
				<answer><![CDATA[UDP 1701]]></answer>
	</question>
	<question id="51">
		<qtext><![CDATA[What does LDAP stand for?]]></qtext>
				<answer><![CDATA[Lightweight Directory Access Protocol, which is used in Microsoft's Active Directory]]></answer>
	</question>
	<question id="52">
		<qtext><![CDATA[What is S/FTP?]]></qtext>
				<answer><![CDATA[A secure form of FTP accomplished using the Secure Shell (SSH)]]></answer>
	</question>
	<question id="53">
		<qtext><![CDATA[Which type of network firewall is typically the easiest to configure and the fastest in operation?]]></qtext>
				<answer><![CDATA[A packet filter network firewall]]></answer>
	</question>
	<question id="54">
		<qtext><![CDATA[What network media is the most susceptible to RF interference and eavesdropping?]]></qtext>
				<answer><![CDATA[Wi-Fi]]></answer>
	</question>
	<question id="55">
		<qtext><![CDATA[Why are removable media, such as flash drives and DVDs, a security concern?]]></qtext>
				<answer><![CDATA[Removable media can be a source of data theft or a point of virus infection.]]></answer>
	</question>
	<question id="56">
		<qtext><![CDATA[SHA and MD are two standards of what?]]></qtext>
				<answer><![CDATA[Hashing]]></answer>
	</question>
	<question id="57">
		<qtext><![CDATA[What is required for nonrepudiation?]]></qtext>
				<answer><![CDATA[An asymmetric algorithm and digital signatures]]></answer>
	</question>
	<question id="58">
		<qtext><![CDATA[What is the minimum number of keys used for PKI?]]></qtext>
				<answer><![CDATA[Two]]></answer>
	</question>
	<question id="59">
		<qtext><![CDATA[You're looking for evidence of activity on the network that might have led to a malicious act. Where should you search first?]]></qtext>
				<answer><![CDATA[The log files]]></answer>
	</question>
	<question id="60">
		<qtext><![CDATA[What tool does a hacker commonly use to look for an avenue of entry through a router or a firewall?]]></qtext>
				<answer><![CDATA[A port scanner]]></answer>
	</question>
	<question id="61">
		<qtext><![CDATA[What root server or organization is responsible for issuing and maintaining certificates?]]></qtext>
				<answer><![CDATA[The certificate authority (CA)]]></answer>
	</question>
	<question id="62">
		<qtext><![CDATA[What do you call a certificate infrastructure that has intermediate certificate servers that directly handle requests for certificates on behalf of the CA root server?]]></qtext>
				<answer><![CDATA[The registration authority (RA) and local registration authority (LRA)]]></answer>
	</question>
	<question id="63">
		<qtext><![CDATA[What is the standard on which PKI certificates are based?]]></qtext>
				<answer><![CDATA[X.509 v3 is the certificate standard.]]></answer>
	</question>
	<question id="64">
		<qtext><![CDATA[Where does physical security come into play in a certificate system?]]></qtext>
				<answer><![CDATA[The root certificate or the server issuing it should be kept under lock and key. In a distributed system, the CA server can be taken offline and locked away.]]></answer>
	</question>
	<question id="65">
		<qtext><![CDATA[If a certificate is compromised, what is one of the first steps that should be taken?]]></qtext>
				<answer><![CDATA[The certificate should be put on the Certificate Revocation List (CRL).]]></answer>
	</question>
	<question id="66">
		<qtext><![CDATA[What is the difference between a certificate suspension and certificate revocation?]]></qtext>
				<answer><![CDATA[Suspension places the certificate on hold without permanently revoking it. It can be put back into service without being reissued. A revocation is permanent.]]></answer>
	</question>
	<question id="67">
		<qtext><![CDATA[In disaster recovery, a hot site would be preferred to a cold site. What technique could be used to make an affordable hot site available?]]></qtext>
				<answer><![CDATA[You could use an existing branch office and then add the infrastructure, servers, and offsite backup that would allow it to act as a hot site.]]></answer>
	</question>
	<question id="68">
		<qtext><![CDATA[Why would you use network tools to simulate an attack?]]></qtext>
				<answer><![CDATA[You could use them to test network vulnerability.]]></answer>
	</question>
	<question id="69">
		<qtext><![CDATA[Should SNMP and SNMP traps be logged?]]></qtext>
				<answer><![CDATA[Yes. SNMP messages and SNMP traps can record valuable information regarding a network's condition.]]></answer>
	</question>
	<question id="70">
		<qtext><![CDATA[Under mandatory access control, can a creator/owner (who isn't an administrator) of a resource set the permissions on the resource?]]></qtext>
				<answer><![CDATA[No. Under mandatory access control (MAC), only the administrator can set the permissions. Users and owners have limited freedom and the system determines the access based on the mandatory rules.]]></answer>
	</question>
	<question id="71">
		<qtext><![CDATA[What is Blowfish?]]></qtext>
				<answer><![CDATA[Blowfish is a symmetric block cipher that can use variable-length keys.]]></answer>
	</question>
	<question id="72">
		<qtext><![CDATA[A logic bomb is a program inserted into a system. It's set to activate when a logical condition exists at some later time. What is the most common vehicle used to insert a logic bomb?]]></qtext>
				<answer><![CDATA[An explicit internal user act or a virus designed to plant the logic bomb]]></answer>
	</question>
	<question id="73">
		<qtext><![CDATA[List four of the principle components of PKI.]]></qtext>
				<answer><![CDATA[CA, RA, RSA, and digital certificates]]></answer>
	</question>
	<question id="74">
		<qtext><![CDATA[The permission access that grants the most restrictive access to a user while allowing them to do their work is known as what?]]></qtext>
				<answer><![CDATA[Least privilege]]></answer>
	</question>
	<question id="75">
		<qtext><![CDATA[What does IDS stand for?]]></qtext>
				<answer><![CDATA[Intrusion detection system]]></answer>
	</question>
	<question id="76">
		<qtext><![CDATA[Applying patches, updates, and service packs; eliminating unneeded services and protocols; and closing ports on a server are all examples of what?]]></qtext>
				<answer><![CDATA[Server and NOS hardening]]></answer>
	</question>
	<question id="77">
		<qtext><![CDATA[Give an example of DHCP server hardening.]]></qtext>
				<answer><![CDATA[Leasing IP addresses only to clients with reservations based on a MAC address]]></answer>
	</question>
	<question id="78">
		<qtext><![CDATA[Would using fiber optics as opposed to UTP be considered hardening?]]></qtext>
				<answer><![CDATA[Yes]]></answer>
	</question>
	<question id="79">
		<qtext><![CDATA[On what part of the network should public web servers be placed?]]></qtext>
				<answer><![CDATA[The DMZ]]></answer>
	</question>
	<question id="80">
		<qtext><![CDATA[List some of the common types of servers that you might find on a DMZ.]]></qtext>
				<answer><![CDATA[Web, mail, and DNS]]></answer>
	</question>
	<question id="81">
		<qtext><![CDATA[Having your main database server on a DMZ isn't secure. However, if your web server needs current data that is contained on that database server, what are two of your options?]]></qtext>
				<answer><![CDATA[You can configure a second DB server on the DMZ and periodically replicate data to it from the main DB server on the LAN, and you can also have the web server request data from the internal DB server.]]></answer>
	</question>
	<question id="82">
		<qtext><![CDATA[Is implementing RAID-5 a method for providing high availability? What is another term for this?]]></qtext>
				<answer><![CDATA[Yes; fault tolerance]]></answer>
	</question>
	<question id="83">
		<qtext><![CDATA[Not giving restore permission to the person with backup permission is an example of what?]]></qtext>
				<answer><![CDATA[Separation of duties]]></answer>
	</question>
	<question id="84">
		<qtext><![CDATA[What malicious attack can a hacker initiate with a buffer overflow?]]></qtext>
				<answer><![CDATA[The hacker can execute a code attack in the leftover shell of a program with system privileges.]]></answer>
	</question>
	<question id="85">
		<qtext><![CDATA[What port would you close to prevent Telnet attacks?]]></qtext>
				<answer><![CDATA[Port 23]]></answer>
	</question>
	<question id="86">
		<qtext><![CDATA[Creating an account named Administrator, giving the account no rights or permissions, and setting up auditing on the account is an example of what?]]></qtext>
				<answer><![CDATA[A good security policy and the creation of a honeypot]]></answer>
	</question>
	<question id="87">
		<qtext><![CDATA[True or False: In a banking transaction system such as that done at an ATM, nonrepudiation is very important.]]></qtext>
				<answer><![CDATA[True]]></answer>
	</question>
	<question id="88">
		<qtext><![CDATA[What is DNS?]]></qtext>
				<answer><![CDATA[The Domain Name Service used to relate domain names to IP addresses]]></answer>
	</question>
	<question id="89">
		<qtext><![CDATA[Documentation and the chain of custody are important when you're collecting evidence. What else is important?]]></qtext>
				<answer><![CDATA[The preservation of evidence and using care not to alter or taint the evidence]]></answer>
	</question>
	<question id="90">
		<qtext><![CDATA[Where are revocation lists maintained?]]></qtext>
				<answer><![CDATA[On a CA server]]></answer>
	</question>
	<question id="91">
		<qtext><![CDATA[An individual pretending to be a network administrator calls a user in the company to confirm their username and password. This is an example of what type of attack?]]></qtext>
				<answer><![CDATA[Social engineering]]></answer>
	</question>
	<question id="92">
		<qtext><![CDATA[MD2, MD4, and MD5 are all examples of what?]]></qtext>
				<answer><![CDATA[Hashing algorithms]]></answer>
	</question>
	<question id="93">
		<qtext><![CDATA[What type of security<i> </i>involves the protection of your assets and information from physical access by unauthorized personnel?]]></qtext>
				<answer><![CDATA[Physical security]]></answer>
	</question>
	<question id="94">
		<qtext><![CDATA[Which type of security includes access control, authentication, and security topologies after network installation is complete?]]></qtext>
				<answer><![CDATA[Operational security]]></answer>
	</question>
	<question id="95">
		<qtext><![CDATA[What type of policies<i> </i>lay out guidelines and expectations for upgrades, monitoring, backups, and audits?]]></qtext>
				<answer><![CDATA[Administrative policies]]></answer>
	</question>
	<question id="96">
		<qtext><![CDATA[What is the difference between DoS and DDoS attacks?]]></qtext>
				<answer><![CDATA[A DDoS attack uses multiple computers, all focused on one target. A DoS attack uses a single computer to attack a target.]]></answer>
	</question>
	<question id="97">
		<qtext><![CDATA[What are two popular spoofing attacks today?]]></qtext>
				<answer><![CDATA[IP spoofing and DNS spoofing]]></answer>
	</question>
	<question id="98">
		<qtext><![CDATA[What is a security baseline used for?]]></qtext>
				<answer><![CDATA[The baseline provides the input needed to design, implement, and support a secure network.]]></answer>
	</question>
	<question id="99">
		<qtext><![CDATA[What is a mantrap?]]></qtext>
				<answer><![CDATA[A room, area, or device that requires visual identification, as well as authentication, to gain access. Mantraps are usually designed to retain an unauthorized person until authorities arrive.]]></answer>
	</question>
	<question id="100">
		<qtext><![CDATA[What is a security zone?]]></qtext>
				<answer><![CDATA[An area in a building where access is individually monitored and controlled]]></answer>
	</question>
</section>